Symbol,Name,Sector,Exchange,SEC Filings
MMM,3M Company,Industrials,NYSE,http://www.sec.gov/cgi-bin/browse-edgar?action=getcompany&CIK=MMM
AOS,A.O. Smith Corp,Industrials,NYSE,http://www.sec.gov/cgi-bin/browse-edgar?action=getcompany&CIK=AOS
ABT,Abbott Laboratories,Health Care,NYSE,http://www.sec.gov/cgi-bin/browse-edgar?action=getcompany&CIK=ABT
ABBV,AbbVie Inc.,Health Care,NYSE,http://www.sec.gov/cgi-bin/browse-edgar?action=getcompany&CIK=ABBV
ACN,Accenture plc,Information Technology,NYSE,http://www.sec.gov/cgi-bin/browse-edgar?action=getcompany&CIK=ACN
ATVI,Activision Blizzard,Information Technology,NASDAQ,http://www.sec.gov/cgi-bin/browse-edgar?action=getcompany&CIK=ATVI
AYI,Acuity Brands Inc,Industrials,NYSE,http://www.sec.gov/cgi-bin/browse-edgar?action=getcompany&CIK=AYI
ADBE,Adobe Systems Inc,Information Technology,NASDAQ,http://www.sec.gov/cgi-bin/browse-edgar?action=getcompany&CIK=ADBE
AAP,Advance Auto Parts,Consumer Discretionary,NYSE,http://www.sec.gov/cgi-bin/browse-edgar?action=getcompany&CIK=AAP
AMD,Advanced Micro Devices Inc,Information Technology,NASDAQ,http://www.sec.gov/cgi-bin/browse-edgar?action=getcompany&CIK=AMD
AES,AES Corp,Utilities,NYSE,http://www.sec.gov/cgi-bin/browse-edgar?action=getcompany&CIK=AES
AET,Aetna Inc,Health Care,London Stock Exchange,http://www.sec.gov/cgi-bin/browse-edgar?action=getcompany&CIK=AET
AMG,Affiliated Managers Group Inc,Financials,NYSE,http://www.sec.gov/cgi-bin/browse-edgar?action=getcompany&CIK=AMG
AFL,AFLAC Inc,Financials,NYSE,http://www.sec.gov/cgi-bin/browse-edgar?action=getcompany&CIK=AFL
A,Agilent Technologies Inc,Health Care,NYSE,http://www.sec.gov/cgi-bin/browse-edgar?action=getcompany&CIK=A
APD,Air Products & Chemicals Inc,Materials,NYSE,http://www.sec.gov/cgi-bin/browse-edgar?action=getcompany&CIK=APD
AKAM,Akamai Technologies Inc,Information Technology,NASDAQ,http://www.sec.gov/cgi-bin/browse-edgar?action=getcompany&CIK=AKAM
ALK,Alaska Air Group Inc,Industrials,NYSE,http://www.sec.gov/cgi-bin/browse-edgar?action=getcompany&CIK=ALK
ALB,Albemarle Corp,Materials,NYSE,http://www.sec.gov/cgi-bin/browse-edgar?action=getcompany&CIK=ALB
ARE,Alexandria Real Estate Equities Inc,Real Estate,London Stock Exchange,http://www.sec.gov/cgi-bin/browse-edgar?action=getcompany&CIK=ARE
ALGN,Align Technology,Health Care,NASDAQ,http://www.sec.gov/cgi-bin/browse-edgar?action=getcompany&CIK=ALGN
ALLE,Allegion,Industrials,NYSE,http://www.sec.gov/cgi-bin/browse-edgar?action=getcompany&CIK=ALLE
AGN,Allergan Plc,Health Care,Wiener Boerse,http://www.sec.gov/cgi-bin/browse-edgar?action=getcompany&CIK=AGN
ADS,Alliance Data Systems,Information Technology,Deutsche Boerse AG,http://www.sec.gov/cgi-bin/browse-edgar?action=getcompany&CIK=ADS
LNT,Alliant Energy Corp,Utilities,NASDAQ,http://www.sec.gov/cgi-bin/browse-edgar?action=getcompany&CIK=LNT
ALL,Allstate Corp,Financials,NYSE,http://www.sec.gov/cgi-bin/browse-edgar?action=getcompany&CIK=ALL
GOOGL,Alphabet Inc Class A,Information Technology,NASDAQ,http://www.sec.gov/cgi-bin/browse-edgar?action=getcompany&CIK=GOOGL
GOOG,Alphabet Inc Class C,Information Technology,NASDAQ,http://www.sec.gov/cgi-bin/browse-edgar?action=getcompany&CIK=GOOG
MO,Altria Group Inc,Consumer Staples,NYSE,http://www.sec.gov/cgi-bin/browse-edgar?action=getcompany&CIK=MO
AMZN,Amazon.com Inc,Consumer Discretionary,NASDAQ,http://www.sec.gov/cgi-bin/browse-edgar?action=getcompany&CIK=AMZN
AEE,Ameren Corp,Utilities,NYSE,http://www.sec.gov/cgi-bin/browse-edgar?action=getcompany&CIK=AEE
AAL,American Airlines Group,Industrials,NASDAQ,http://www.sec.gov/cgi-bin/browse-edgar?action=getcompany&CIK=AAL
AEP,American Electric Power,Utilities,NASDAQ,http://www.sec.gov/cgi-bin/browse-edgar?action=getcompany&CIK=AEP
AXP,American Express Co,Financials,NYSE,http://www.sec.gov/cgi-bin/browse-edgar?action=getcompany&CIK=AXP
AIG,American International Group Inc.,Financials,NYSE,http://www.sec.gov/cgi-bin/browse-edgar?action=getcompany&CIK=AIG
AMT,American Tower Corp A,Real Estate,NYSE,http://www.sec.gov/cgi-bin/browse-edgar?action=getcompany&CIK=AMT
AWK,American Water Works Company Inc,Utilities,NYSE,http://www.sec.gov/cgi-bin/browse-edgar?action=getcompany&CIK=AWK
AMP,Ameriprise Financial,Financials,NYSE,http://www.sec.gov/cgi-bin/browse-edgar?action=getcompany&CIK=AMP
ABC,AmerisourceBergen Corp,Health Care,NYSE,http://www.sec.gov/cgi-bin/browse-edgar?action=getcompany&CIK=ABC
AME,AMETEK Inc,Industrials,NYSE,http://www.sec.gov/cgi-bin/browse-edgar?action=getcompany&CIK=AME
AMGN,Amgen Inc,Health Care,NASDAQ,http://www.sec.gov/cgi-bin/browse-edgar?action=getcompany&CIK=AMGN
APH,Amphenol Corp,Information Technology,NYSE,http://www.sec.gov/cgi-bin/browse-edgar?action=getcompany&CIK=APH
APC,Anadarko Petroleum Corp,Energy,Deutsche Boerse AG,http://www.sec.gov/cgi-bin/browse-edgar?action=getcompany&CIK=APC
ADI,Analog Devices Inc.,Information Technology,NASDAQ,http://www.sec.gov/cgi-bin/browse-edgar?action=getcompany&CIK=ADI
ANSS,ANSYS,Information Technology,NASDAQ,http://www.sec.gov/cgi-bin/browse-edgar?action=getcompany&CIK=ANSS
ANTM,Anthem Inc.,Health Care,Indonesia Stock Exchange,http://www.sec.gov/cgi-bin/browse-edgar?action=getcompany&CIK=ANTM
AON,Aon plc,Financials,NYSE,http://www.sec.gov/cgi-bin/browse-edgar?action=getcompany&CIK=AON
APA,Apache Corporation,Energy,NASDAQ,http://www.sec.gov/cgi-bin/browse-edgar?action=getcompany&CIK=APA
AIV,Apartment Investment & Management,Real Estate,NYSE,http://www.sec.gov/cgi-bin/browse-edgar?action=getcompany&CIK=AIV
AAPL,Apple Inc.,Information Technology,NASDAQ,http://www.sec.gov/cgi-bin/browse-edgar?action=getcompany&CIK=AAPL
AMAT,Applied Materials Inc,Information Technology,NASDAQ,http://www.sec.gov/cgi-bin/browse-edgar?action=getcompany&CIK=AMAT
APTV,Aptiv Plc,Consumer Discretionary,NYSE,http://www.sec.gov/cgi-bin/browse-edgar?action=getcompany&CIK=APTV
ADM,Archer-Daniels-Midland Co,Consumer Staples,NYSE,http://www.sec.gov/cgi-bin/browse-edgar?action=getcompany&CIK=ADM
ARNC,Arconic Inc,Industrials,NYSE,http://www.sec.gov/cgi-bin/browse-edgar?action=getcompany&CIK=ARNC
AJG,Arthur J. Gallagher & Co.,Financials,NYSE,http://www.sec.gov/cgi-bin/browse-edgar?action=getcompany&CIK=AJG
AIZ,Assurant Inc,Financials,NYSE,http://www.sec.gov/cgi-bin/browse-edgar?action=getcompany&CIK=AIZ
T,AT&T Inc,Telecommunication Services,NYSE,http://www.sec.gov/cgi-bin/browse-edgar?action=getcompany&CIK=T
ADSK,Autodesk Inc,Information Technology,NASDAQ,http://www.sec.gov/cgi-bin/browse-edgar?action=getcompany&CIK=ADSK
ADP,Automatic Data Processing,Information Technology,NASDAQ,http://www.sec.gov/cgi-bin/browse-edgar?action=getcompany&CIK=ADP
AZO,AutoZone Inc,Consumer Discretionary,NYSE,http://www.sec.gov/cgi-bin/browse-edgar?action=getcompany&CIK=AZO
AVB,AvalonBay Communities Inc.,Real Estate,NYSE,http://www.sec.gov/cgi-bin/browse-edgar?action=getcompany&CIK=AVB
AVY,Avery Dennison Corp,Materials,NYSE,http://www.sec.gov/cgi-bin/browse-edgar?action=getcompany&CIK=AVY
BAC,Bank of America Corp,Financials,NYSE,http://www.sec.gov/cgi-bin/browse-edgar?action=getcompany&CIK=BAC
BAX,Baxter International Inc.,Health Care,NYSE,http://www.sec.gov/cgi-bin/browse-edgar?action=getcompany&CIK=BAX
BBT,BB&T Corporation,Financials,Warsaw Stock Exchange,http://www.sec.gov/cgi-bin/browse-edgar?action=getcompany&CIK=BBT
BDX,Becton Dickinson,Health Care,NYSE,http://www.sec.gov/cgi-bin/browse-edgar?action=getcompany&CIK=BDX
BRK.B,Berkshire Hathaway,Financials,NYSE,http://www.sec.gov/cgi-bin/browse-edgar?action=getcompany&CIK=BRK.B
BBY,Best Buy Co. Inc.,Consumer Discretionary,NYSE,http://www.sec.gov/cgi-bin/browse-edgar?action=getcompany&CIK=BBY
BIIB,Biogen Inc.,Health Care,NASDAQ,http://www.sec.gov/cgi-bin/browse-edgar?action=getcompany&CIK=BIIB
BLK,BlackRock,Financials,NYSE,http://www.sec.gov/cgi-bin/browse-edgar?action=getcompany&CIK=BLK
HRB,Block H&R,Financials,NYSE,http://www.sec.gov/cgi-bin/browse-edgar?action=getcompany&CIK=HRB
BA,Boeing Company,Industrials,NYSE,http://www.sec.gov/cgi-bin/browse-edgar?action=getcompany&CIK=BA
BWA,BorgWarner,Consumer Discretionary,NYSE,http://www.sec.gov/cgi-bin/browse-edgar?action=getcompany&CIK=BWA
BXP,Boston Properties,Real Estate,NYSE,http://www.sec.gov/cgi-bin/browse-edgar?action=getcompany&CIK=BXP
BSX,Boston Scientific,Health Care,NYSE,http://www.sec.gov/cgi-bin/browse-edgar?action=getcompany&CIK=BSX
BHF,Brighthouse Financial Inc,Financials,NASDAQ,http://www.sec.gov/cgi-bin/browse-edgar?action=getcompany&CIK=BHF
BMY,Bristol-Myers Squibb,Health Care,NYSE,http://www.sec.gov/cgi-bin/browse-edgar?action=getcompany&CIK=BMY
AVGO,Broadcom,Information Technology,NASDAQ,http://www.sec.gov/cgi-bin/browse-edgar?action=getcompany&CIK=AVGO
BF.B,Brown-Forman Corp.,Consumer Staples,NYSE,http://www.sec.gov/cgi-bin/browse-edgar?action=getcompany&CIK=BF.B
CHRW,C. H. Robinson Worldwide,Industrials,NASDAQ,http://www.sec.gov/cgi-bin/browse-edgar?action=getcompany&CIK=CHRW
CA,CA Inc.,Information Technology,Euronext Paris,http://www.sec.gov/cgi-bin/browse-edgar?action=getcompany&CIK=CA
COG,Cabot Oil & Gas,Energy,Warsaw Stock Exchange,http://www.sec.gov/cgi-bin/browse-edgar?action=getcompany&CIK=COG
CDNS,Cadence Design Systems,Information Technology,NASDAQ,http://www.sec.gov/cgi-bin/browse-edgar?action=getcompany&CIK=CDNS
CPB,Campbell Soup,Consumer Staples,NYSE,http://www.sec.gov/cgi-bin/browse-edgar?action=getcompany&CIK=CPB
COF,Capital One Financial,Financials,NYSE,http://www.sec.gov/cgi-bin/browse-edgar?action=getcompany&CIK=COF
CAH,Cardinal Health Inc.,Health Care,NYSE,http://www.sec.gov/cgi-bin/browse-edgar?action=getcompany&CIK=CAH
KMX,Carmax Inc,Consumer Discretionary,NYSE,http://www.sec.gov/cgi-bin/browse-edgar?action=getcompany&CIK=KMX
CCL,Carnival Corp.,Consumer Discretionary,NYSE,http://www.sec.gov/cgi-bin/browse-edgar?action=getcompany&CIK=CCL
CAT,Caterpillar Inc.,Industrials,NYSE,http://www.sec.gov/cgi-bin/browse-edgar?action=getcompany&CIK=CAT
CBOE,CBOE Holdings,Financials,CBOE BZX Exchange,http://www.sec.gov/cgi-bin/browse-edgar?action=getcompany&CIK=CBOE
CBG,CBRE Group,Real Estate,London Stock Exchange,http://www.sec.gov/cgi-bin/browse-edgar?action=getcompany&CIK=CBG
CNC,Centene Corporation,Health Care,NYSE,http://www.sec.gov/cgi-bin/browse-edgar?action=getcompany&CIK=CNC
CNP,CenterPoint Energy,Utilities,NYSE,http://www.sec.gov/cgi-bin/browse-edgar?action=getcompany&CIK=CNP
CTL,CenturyLink Inc,Telecommunication Services,Deutsche Boerse AG,http://www.sec.gov/cgi-bin/browse-edgar?action=getcompany&CIK=CTL
CF,CF Industries Holdings Inc,Materials,NYSE,http://www.sec.gov/cgi-bin/browse-edgar?action=getcompany&CIK=CF
SCHW,Charles Schwab Corporation,Financials,NYSE,http://www.sec.gov/cgi-bin/browse-edgar?action=getcompany&CIK=SCHW
CHTR,Charter Communications,Consumer Discretionary,NASDAQ,http://www.sec.gov/cgi-bin/browse-edgar?action=getcompany&CIK=CHTR
CHK,Chesapeake Energy,Energy,NASDAQ,http://www.sec.gov/cgi-bin/browse-edgar?action=getcompany&CIK=CHK
CVX,Chevron Corp.,Energy,NYSE,http://www.sec.gov/cgi-bin/browse-edgar?action=getcompany&CIK=CVX
CMG,Chipotle Mexican Grill,Consumer Discretionary,NYSE,http://www.sec.gov/cgi-bin/browse-edgar?action=getcompany&CIK=CMG
CB,Chubb Limited,Financials,NYSE,http://www.sec.gov/cgi-bin/browse-edgar?action=getcompany&CIK=CB
CHD,Church & Dwight,Consumer Staples,NYSE,http://www.sec.gov/cgi-bin/browse-edgar?action=getcompany&CIK=CHD
CI,CIGNA Corp.,Health Care,NYSE,http://www.sec.gov/cgi-bin/browse-edgar?action=getcompany&CIK=CI
XEC,Cimarex Energy,Energy,Toronto Stock Exchange,http://www.sec.gov/cgi-bin/browse-edgar?action=getcompany&CIK=XEC
CINF,Cincinnati Financial,Financials,NASDAQ,http://www.sec.gov/cgi-bin/browse-edgar?action=getcompany&CIK=CINF
CTAS,Cintas Corporation,Industrials,NASDAQ,http://www.sec.gov/cgi-bin/browse-edgar?action=getcompany&CIK=CTAS
CSCO,Cisco Systems,Information Technology,NASDAQ,http://www.sec.gov/cgi-bin/browse-edgar?action=getcompany&CIK=CSCO
C,Citigroup Inc.,Financials,NYSE,http://www.sec.gov/cgi-bin/browse-edgar?action=getcompany&CIK=C
CFG,Citizens Financial Group,Financials,NYSE,http://www.sec.gov/cgi-bin/browse-edgar?action=getcompany&CIK=CFG
CTXS,Citrix Systems,Information Technology,Mexican Stock Exchange,http://www.sec.gov/cgi-bin/browse-edgar?action=getcompany&CIK=CTXS
CME,CME Group Inc.,Financials,NASDAQ,http://www.sec.gov/cgi-bin/browse-edgar?action=getcompany&CIK=CME
CMS,CMS Energy,Utilities,NYSE,http://www.sec.gov/cgi-bin/browse-edgar?action=getcompany&CIK=CMS
KO,Coca-Cola Company (The),Consumer Staples,NYSE,http://www.sec.gov/cgi-bin/browse-edgar?action=getcompany&CIK=KO
CTSH,Cognizant Technology Solutions,Information Technology,NASDAQ,http://www.sec.gov/cgi-bin/browse-edgar?action=getcompany&CIK=CTSH
CL,Colgate-Palmolive,Consumer Staples,NYSE,http://www.sec.gov/cgi-bin/browse-edgar?action=getcompany&CIK=CL
CMCSA,Comcast Corp.,Consumer Discretionary,NASDAQ,http://www.sec.gov/cgi-bin/browse-edgar?action=getcompany&CIK=CMCSA
CMA,Comerica Inc.,Financials,NYSE,http://www.sec.gov/cgi-bin/browse-edgar?action=getcompany&CIK=CMA
CAG,Conagra Brands,Consumer Staples,NYSE,http://www.sec.gov/cgi-bin/browse-edgar?action=getcompany&CIK=CAG
CXO,Concho Resources,Energy,Australian Securities Exchange,http://www.sec.gov/cgi-bin/browse-edgar?action=getcompany&CIK=CXO
COP,ConocoPhillips,Energy,NYSE,http://www.sec.gov/cgi-bin/browse-edgar?action=getcompany&CIK=COP
ED,Consolidated Edison,Utilities,NYSE,http://www.sec.gov/cgi-bin/browse-edgar?action=getcompany&CIK=ED
STZ,Constellation Brands,Consumer Staples,NYSE,http://www.sec.gov/cgi-bin/browse-edgar?action=getcompany&CIK=STZ
GLW,Corning Inc.,Information Technology,NYSE,http://www.sec.gov/cgi-bin/browse-edgar?action=getcompany&CIK=GLW
COST,Costco Wholesale Corp.,Consumer Staples,NASDAQ,http://www.sec.gov/cgi-bin/browse-edgar?action=getcompany&CIK=COST
COTY,Coty Inc,Consumer Staples,NYSE,http://www.sec.gov/cgi-bin/browse-edgar?action=getcompany&CIK=COTY
CCI,Crown Castle International Corp.,Real Estate,NYSE,http://www.sec.gov/cgi-bin/browse-edgar?action=getcompany&CIK=CCI
CSRA,CSRA Inc.,Information Technology,Indonesia Stock Exchange,http://www.sec.gov/cgi-bin/browse-edgar?action=getcompany&CIK=CSRA
CSX,CSX Corp.,Industrials,TSX Venture Exchange,http://www.sec.gov/cgi-bin/browse-edgar?action=getcompany&CIK=CSX
CMI,Cummins Inc.,Industrials,NYSE,http://www.sec.gov/cgi-bin/browse-edgar?action=getcompany&CIK=CMI
CVS,CVS Health,Consumer Staples,NYSE,http://www.sec.gov/cgi-bin/browse-edgar?action=getcompany&CIK=CVS
DHI,D. R. Horton,Consumer Discretionary,NYSE,http://www.sec.gov/cgi-bin/browse-edgar?action=getcompany&CIK=DHI
DHR,Danaher Corp.,Health Care,NYSE,http://www.sec.gov/cgi-bin/browse-edgar?action=getcompany&CIK=DHR
DRI,Darden Restaurants,Consumer Discretionary,NYSE,http://www.sec.gov/cgi-bin/browse-edgar?action=getcompany&CIK=DRI
DVA,DaVita Inc.,Health Care,NYSE,http://www.sec.gov/cgi-bin/browse-edgar?action=getcompany&CIK=DVA
DE,Deere & Co.,Industrials,NYSE,http://www.sec.gov/cgi-bin/browse-edgar?action=getcompany&CIK=DE
DAL,Delta Air Lines Inc.,Industrials,NYSE,http://www.sec.gov/cgi-bin/browse-edgar?action=getcompany&CIK=DAL
XRAY,Dentsply Sirona,Health Care,NASDAQ,http://www.sec.gov/cgi-bin/browse-edgar?action=getcompany&CIK=XRAY
DVN,Devon Energy Corp.,Energy,NYSE,http://www.sec.gov/cgi-bin/browse-edgar?action=getcompany&CIK=DVN
DLR,Digital Realty Trust Inc,Real Estate,NYSE,http://www.sec.gov/cgi-bin/browse-edgar?action=getcompany&CIK=DLR
DFS,Discover Financial Services,Financials,NYSE,http://www.sec.gov/cgi-bin/browse-edgar?action=getcompany&CIK=DFS
DISH,Dish Network,Consumer Discretionary,NASDAQ,http://www.sec.gov/cgi-bin/browse-edgar?action=getcompany&CIK=DISH
DG,Dollar General,Consumer Discretionary,NYSE,http://www.sec.gov/cgi-bin/browse-edgar?action=getcompany&CIK=DG
DLTR,Dollar Tree,Consumer Discretionary,NASDAQ,http://www.sec.gov/cgi-bin/browse-edgar?action=getcompany&CIK=DLTR
D,Dominion Energy,Utilities,NYSE,http://www.sec.gov/cgi-bin/browse-edgar?action=getcompany&CIK=D
DOV,Dover Corp.,Industrials,NYSE,http://www.sec.gov/cgi-bin/browse-edgar?action=getcompany&CIK=DOV
DTE,DTE Energy Co.,Utilities,NYSE,http://www.sec.gov/cgi-bin/browse-edgar?action=getcompany&CIK=DTE
DUK,Duke Energy,Utilities,NYSE,http://www.sec.gov/cgi-bin/browse-edgar?action=getcompany&CIK=DUK
DRE,Duke Realty Corp,Real Estate,Australian Securities Exchange,http://www.sec.gov/cgi-bin/browse-edgar?action=getcompany&CIK=DRE
DXC,DXC Technology,Information Technology,NYSE,http://www.sec.gov/cgi-bin/browse-edgar?action=getcompany&CIK=DXC
EMN,Eastman Chemical,Materials,NYSE,http://www.sec.gov/cgi-bin/browse-edgar?action=getcompany&CIK=EMN
ETN,Eaton Corporation,Industrials,NYSE,http://www.sec.gov/cgi-bin/browse-edgar?action=getcompany&CIK=ETN
EBAY,eBay Inc.,Information Technology,NASDAQ,http://www.sec.gov/cgi-bin/browse-edgar?action=getcompany&CIK=EBAY
ECL,Ecolab Inc.,Materials,NYSE,http://www.sec.gov/cgi-bin/browse-edgar?action=getcompany&CIK=ECL
EIX,Edison Int'l,Utilities,NYSE,http://www.sec.gov/cgi-bin/browse-edgar?action=getcompany&CIK=EIX
EW,Edwards Lifesciences,Health Care,NYSE,http://www.sec.gov/cgi-bin/browse-edgar?action=getcompany&CIK=EW
EA,Electronic Arts,Information Technology,NASDAQ,http://www.sec.gov/cgi-bin/browse-edgar?action=getcompany&CIK=EA
EMR,Emerson Electric Company,Industrials,NYSE,http://www.sec.gov/cgi-bin/browse-edgar?action=getcompany&CIK=EMR
ETR,Entergy Corp.,Utilities,NYSE,http://www.sec.gov/cgi-bin/browse-edgar?action=getcompany&CIK=ETR
EOG,EOG Resources,Energy,NYSE,http://www.sec.gov/cgi-bin/browse-edgar?action=getcompany&CIK=EOG
EQT,EQT Corporation,Energy,NYSE,http://www.sec.gov/cgi-bin/browse-edgar?action=getcompany&CIK=EQT
EFX,Equifax Inc.,Industrials,NYSE,http://www.sec.gov/cgi-bin/browse-edgar?action=getcompany&CIK=EFX
EQIX,Equinix,Real Estate,NASDAQ,http://www.sec.gov/cgi-bin/browse-edgar?action=getcompany&CIK=EQIX
EQR,Equity Residential,Real Estate,NYSE,http://www.sec.gov/cgi-bin/browse-edgar?action=getcompany&CIK=EQR
ESS,Essex Property Trust Inc.,Real Estate,NYSE,http://www.sec.gov/cgi-bin/browse-edgar?action=getcompany&CIK=ESS
EL,Estee Lauder Cos.,Consumer Staples,NYSE,http://www.sec.gov/cgi-bin/browse-edgar?action=getcompany&CIK=EL
RE,Everest Re Group Ltd.,Financials,NYSE,http://www.sec.gov/cgi-bin/browse-edgar?action=getcompany&CIK=RE
ES,Eversource Energy,Utilities,NYSE,http://www.sec.gov/cgi-bin/browse-edgar?action=getcompany&CIK=ES
EXC,Exelon Corp.,Utilities,NASDAQ,http://www.sec.gov/cgi-bin/browse-edgar?action=getcompany&CIK=EXC
EXPE,Expedia Inc.,Consumer Discretionary,NASDAQ,http://www.sec.gov/cgi-bin/browse-edgar?action=getcompany&CIK=EXPE
EXPD,Expeditors International,Industrials,NASDAQ,http://www.sec.gov/cgi-bin/browse-edgar?action=getcompany&CIK=EXPD
EXR,Extra Space Storage,Real Estate,NYSE,http://www.sec.gov/cgi-bin/browse-edgar?action=getcompany&CIK=EXR
XOM,Exxon Mobil Corp.,Energy,NYSE,http://www.sec.gov/cgi-bin/browse-edgar?action=getcompany&CIK=XOM
FFIV,F5 Networks,Information Technology,NASDAQ,http://www.sec.gov/cgi-bin/browse-edgar?action=getcompany&CIK=FFIV
FB,Facebook Inc.,Information Technology,NYSE,http://www.sec.gov/cgi-bin/browse-edgar?action=getcompany&CIK=FB
FAST,Fastenal Co,Industrials,NASDAQ,http://www.sec.gov/cgi-bin/browse-edgar?action=getcompany&CIK=FAST
FRT,Federal Realty Investment Trust,Real Estate,NYSE,http://www.sec.gov/cgi-bin/browse-edgar?action=getcompany&CIK=FRT
FDX,FedEx Corporation,Industrials,NYSE,http://www.sec.gov/cgi-bin/browse-edgar?action=getcompany&CIK=FDX
FIS,Fidelity National Information Services,Information Technology,NYSE,http://www.sec.gov/cgi-bin/browse-edgar?action=getcompany&CIK=FIS
FITB,Fifth Third Bancorp,Financials,NASDAQ,http://www.sec.gov/cgi-bin/browse-edgar?action=getcompany&CIK=FITB
FE,FirstEnergy Corp,Utilities,NYSE,http://www.sec.gov/cgi-bin/browse-edgar?action=getcompany&CIK=FE
FISV,Fiserv Inc,Information Technology,NASDAQ,http://www.sec.gov/cgi-bin/browse-edgar?action=getcompany&CIK=FISV
FLS,Flowserve Corporation,Industrials,NYSE,http://www.sec.gov/cgi-bin/browse-edgar?action=getcompany&CIK=FLS
FLR,Fluor Corp.,Industrials,NYSE,http://www.sec.gov/cgi-bin/browse-edgar?action=getcompany&CIK=FLR
FL,Foot Locker Inc,Consumer Discretionary,NYSE,http://www.sec.gov/cgi-bin/browse-edgar?action=getcompany&CIK=FL
F,Ford Motor,Consumer Discretionary,NYSE,http://www.sec.gov/cgi-bin/browse-edgar?action=getcompany&CIK=F
FTV,Fortive Corp,Industrials,NYSE,http://www.sec.gov/cgi-bin/browse-edgar?action=getcompany&CIK=FTV
BEN,Franklin Resources,Financials,NYSE,http://www.sec.gov/cgi-bin/browse-edgar?action=getcompany&CIK=BEN
FCX,Freeport-McMoRan Inc.,Materials,NYSE,http://www.sec.gov/cgi-bin/browse-edgar?action=getcompany&CIK=FCX
GPS,Gap Inc.,Consumer Discretionary,NYSE,http://www.sec.gov/cgi-bin/browse-edgar?action=getcompany&CIK=GPS
GRMN,Garmin Ltd.,Consumer Discretionary,NYSE,http://www.sec.gov/cgi-bin/browse-edgar?action=getcompany&CIK=GRMN
IT,Gartner Inc,Information Technology,NYSE,http://www.sec.gov/cgi-bin/browse-edgar?action=getcompany&CIK=IT
GD,General Dynamics,Industrials,NYSE,http://www.sec.gov/cgi-bin/browse-edgar?action=getcompany&CIK=GD
GE,General Electric,Industrials,NYSE,http://www.sec.gov/cgi-bin/browse-edgar?action=getcompany&CIK=GE
GGP,General Growth Properties Inc.,Real Estate,London Stock Exchange,http://www.sec.gov/cgi-bin/browse-edgar?action=getcompany&CIK=GGP
GIS,General Mills,Consumer Staples,NYSE,http://www.sec.gov/cgi-bin/browse-edgar?action=getcompany&CIK=GIS
GM,General Motors,Consumer Discretionary,NYSE,http://www.sec.gov/cgi-bin/browse-edgar?action=getcompany&CIK=GM
GPC,Genuine Parts,Consumer Discretionary,NYSE,http://www.sec.gov/cgi-bin/browse-edgar?action=getcompany&CIK=GPC
GILD,Gilead Sciences,Health Care,NASDAQ,http://www.sec.gov/cgi-bin/browse-edgar?action=getcompany&CIK=GILD
GPN,Global Payments Inc.,Information Technology,NYSE,http://www.sec.gov/cgi-bin/browse-edgar?action=getcompany&CIK=GPN
GS,Goldman Sachs Group,Financials,NYSE,http://www.sec.gov/cgi-bin/browse-edgar?action=getcompany&CIK=GS
GT,Goodyear Tire & Rubber,Consumer Discretionary,NASDAQ,http://www.sec.gov/cgi-bin/browse-edgar?action=getcompany&CIK=GT
GWW,Grainger (W.W.) Inc.,Industrials,NYSE,http://www.sec.gov/cgi-bin/browse-edgar?action=getcompany&CIK=GWW
HAL,Halliburton Co.,Energy,NYSE,http://www.sec.gov/cgi-bin/browse-edgar?action=getcompany&CIK=HAL
HBI,Hanesbrands Inc,Consumer Discretionary,NYSE,http://www.sec.gov/cgi-bin/browse-edgar?action=getcompany&CIK=HBI
HOG,Harley-Davidson,Consumer Discretionary,NYSE,http://www.sec.gov/cgi-bin/browse-edgar?action=getcompany&CIK=HOG
HIG,Hartford Financial Svc.Gp.,Financials,NYSE,http://www.sec.gov/cgi-bin/browse-edgar?action=getcompany&CIK=HIG
HAS,Hasbro Inc.,Consumer Discretionary,NASDAQ,http://www.sec.gov/cgi-bin/browse-edgar?action=getcompany&CIK=HAS
HCA,HCA Holdings,Health Care,NYSE,http://www.sec.gov/cgi-bin/browse-edgar?action=getcompany&CIK=HCA
HCP,HCP Inc.,Real Estate,NASDAQ,http://www.sec.gov/cgi-bin/browse-edgar?action=getcompany&CIK=HCP
HP,Helmerich & Payne,Energy,NYSE,http://www.sec.gov/cgi-bin/browse-edgar?action=getcompany&CIK=HP
HSIC,Henry Schein,Health Care,NASDAQ,http://www.sec.gov/cgi-bin/browse-edgar?action=getcompany&CIK=HSIC
HES,Hess Corporation,Energy,NYSE,http://www.sec.gov/cgi-bin/browse-edgar?action=getcompany&CIK=HES
HPE,Hewlett Packard Enterprise,Information Technology,NYSE,http://www.sec.gov/cgi-bin/browse-edgar?action=getcompany&CIK=HPE
HLT,Hilton Worldwide Holdings Inc,Consumer Discretionary,NYSE,http://www.sec.gov/cgi-bin/browse-edgar?action=getcompany&CIK=HLT
HOLX,Hologic,Health Care,NASDAQ,http://www.sec.gov/cgi-bin/browse-edgar?action=getcompany&CIK=HOLX
HD,Home Depot,Consumer Discretionary,NYSE,http://www.sec.gov/cgi-bin/browse-edgar?action=getcompany&CIK=HD
HON,Honeywell Int'l Inc.,Industrials,NASDAQ,http://www.sec.gov/cgi-bin/browse-edgar?action=getcompany&CIK=HON
HRL,Hormel Foods Corp.,Consumer Staples,NYSE,http://www.sec.gov/cgi-bin/browse-edgar?action=getcompany&CIK=HRL
HST,Host Hotels & Resorts,Real Estate,NASDAQ,http://www.sec.gov/cgi-bin/browse-edgar?action=getcompany&CIK=HST
HPQ,HP Inc.,Information Technology,NYSE,http://www.sec.gov/cgi-bin/browse-edgar?action=getcompany&CIK=HPQ
HUM,Humana Inc.,Health Care,NYSE,http://www.sec.gov/cgi-bin/browse-edgar?action=getcompany&CIK=HUM
HBAN,Huntington Bancshares,Financials,NASDAQ,http://www.sec.gov/cgi-bin/browse-edgar?action=getcompany&CIK=HBAN
HII,Huntington Ingalls Industries,Industrials,NYSE,http://www.sec.gov/cgi-bin/browse-edgar?action=getcompany&CIK=HII
IDXX,IDEXX Laboratories,Health Care,NASDAQ,http://www.sec.gov/cgi-bin/browse-edgar?action=getcompany&CIK=IDXX
INFO,IHS Markit Ltd.,Industrials,OTC Markets,http://www.sec.gov/cgi-bin/browse-edgar?action=getcompany&CIK=INFO
ITW,Illinois Tool Works,Industrials,NYSE,http://www.sec.gov/cgi-bin/browse-edgar?action=getcompany&CIK=ITW
ILMN,Illumina Inc,Health Care,NASDAQ,http://www.sec.gov/cgi-bin/browse-edgar?action=getcompany&CIK=ILMN
INCY,Incyte,Health Care,NASDAQ,http://www.sec.gov/cgi-bin/browse-edgar?action=getcompany&CIK=INCY
IR,Ingersoll-Rand PLC,Industrials,NYSE,http://www.sec.gov/cgi-bin/browse-edgar?action=getcompany&CIK=IR
INTC,Intel Corp.,Information Technology,NASDAQ,http://www.sec.gov/cgi-bin/browse-edgar?action=getcompany&CIK=INTC
ICE,Intercontinental Exchange,Financials,NYSE,http://www.sec.gov/cgi-bin/browse-edgar?action=getcompany&CIK=ICE
IBM,International Business Machines,Information Technology,NYSE,http://www.sec.gov/cgi-bin/browse-edgar?action=getcompany&CIK=IBM
IP,International Paper,Materials,NYSE,http://www.sec.gov/cgi-bin/browse-edgar?action=getcompany&CIK=IP
IPG,Interpublic Group,Consumer Discretionary,NYSE,http://www.sec.gov/cgi-bin/browse-edgar?action=getcompany&CIK=IPG
IFF,Intl Flavors & Fragrances,Materials,NYSE,http://www.sec.gov/cgi-bin/browse-edgar?action=getcompany&CIK=IFF
INTU,Intuit Inc.,Information Technology,NASDAQ,http://www.sec.gov/cgi-bin/browse-edgar?action=getcompany&CIK=INTU
ISRG,Intuitive Surgical Inc.,Health Care,NASDAQ,http://www.sec.gov/cgi-bin/browse-edgar?action=getcompany&CIK=ISRG
IVZ,Invesco Ltd.,Financials,NYSE,http://www.sec.gov/cgi-bin/browse-edgar?action=getcompany&CIK=IVZ
IQV,IQVIA Holdings Inc.,Health Care,NYSE,http://www.sec.gov/cgi-bin/browse-edgar?action=getcompany&CIK=IQV
IRM,Iron Mountain Incorporated,Real Estate,NYSE,http://www.sec.gov/cgi-bin/browse-edgar?action=getcompany&CIK=IRM
JBHT,J. B. Hunt Transport Services,Industrials,NASDAQ,http://www.sec.gov/cgi-bin/browse-edgar?action=getcompany&CIK=JBHT
JEC,Jacobs Engineering Group,Industrials,TSX Venture Exchange,http://www.sec.gov/cgi-bin/browse-edgar?action=getcompany&CIK=JEC
SJM,JM Smucker,Consumer Staples,NYSE,http://www.sec.gov/cgi-bin/browse-edgar?action=getcompany&CIK=SJM
JNJ,Johnson & Johnson,Health Care,NYSE,http://www.sec.gov/cgi-bin/browse-edgar?action=getcompany&CIK=JNJ
JCI,Johnson Controls International,Industrials,NYSE,http://www.sec.gov/cgi-bin/browse-edgar?action=getcompany&CIK=JCI
JPM,JPMorgan Chase & Co.,Financials,NYSE,http://www.sec.gov/cgi-bin/browse-edgar?action=getcompany&CIK=JPM
JNPR,Juniper Networks,Information Technology,NYSE,http://www.sec.gov/cgi-bin/browse-edgar?action=getcompany&CIK=JNPR
K,Kellogg Co.,Consumer Staples,NYSE,http://www.sec.gov/cgi-bin/browse-edgar?action=getcompany&CIK=K
KEY,KeyCorp,Financials,NYSE,http://www.sec.gov/cgi-bin/browse-edgar?action=getcompany&CIK=KEY
KMB,Kimberly-Clark,Consumer Staples,NYSE,http://www.sec.gov/cgi-bin/browse-edgar?action=getcompany&CIK=KMB
KIM,Kimco Realty,Real Estate,NYSE,http://www.sec.gov/cgi-bin/browse-edgar?action=getcompany&CIK=KIM
KMI,Kinder Morgan,Energy,NYSE,http://www.sec.gov/cgi-bin/browse-edgar?action=getcompany&CIK=KMI
KLAC,KLA-Tencor Corp.,Information Technology,NASDAQ,http://www.sec.gov/cgi-bin/browse-edgar?action=getcompany&CIK=KLAC
KSS,Kohl's Corp.,Consumer Discretionary,NYSE,http://www.sec.gov/cgi-bin/browse-edgar?action=getcompany&CIK=KSS
KHC,Kraft Heinz Co,Consumer Staples,NASDAQ,http://www.sec.gov/cgi-bin/browse-edgar?action=getcompany&CIK=KHC
KR,Kroger Co.,Consumer Staples,NYSE,http://www.sec.gov/cgi-bin/browse-edgar?action=getcompany&CIK=KR
LB,L Brands Inc.,Consumer Discretionary,Shenzhen Stock Exchange,http://www.sec.gov/cgi-bin/browse-edgar?action=getcompany&CIK=LB
LLL,L-3 Communications Holdings,Industrials,Australian Securities Exchange,http://www.sec.gov/cgi-bin/browse-edgar?action=getcompany&CIK=LLL
LRCX,Lam Research,Information Technology,NASDAQ,http://www.sec.gov/cgi-bin/browse-edgar?action=getcompany&CIK=LRCX
LEG,Leggett & Platt,Consumer Discretionary,NYSE,http://www.sec.gov/cgi-bin/browse-edgar?action=getcompany&CIK=LEG
LEN,Lennar Corp.,Consumer Discretionary,NYSE,http://www.sec.gov/cgi-bin/browse-edgar?action=getcompany&CIK=LEN
LUK,Leucadia National Corp.,Financials,Warsaw Stock Exchange,http://www.sec.gov/cgi-bin/browse-edgar?action=getcompany&CIK=LUK
LLY,Lilly (Eli) & Co.,Health Care,NYSE,http://www.sec.gov/cgi-bin/browse-edgar?action=getcompany&CIK=LLY
LNC,Lincoln National,Financials,NYSE,http://www.sec.gov/cgi-bin/browse-edgar?action=getcompany&CIK=LNC
LKQ,LKQ Corporation,Consumer Discretionary,NASDAQ,http://www.sec.gov/cgi-bin/browse-edgar?action=getcompany&CIK=LKQ
LMT,Lockheed Martin Corp.,Industrials,NYSE,http://www.sec.gov/cgi-bin/browse-edgar?action=getcompany&CIK=LMT
L,Loews Corp.,Financials,NYSE,http://www.sec.gov/cgi-bin/browse-edgar?action=getcompany&CIK=L
LOW,Lowe's Cos.,Consumer Discretionary,NYSE,http://www.sec.gov/cgi-bin/browse-edgar?action=getcompany&CIK=LOW
LYB,LyondellBasell,Materials,NYSE,http://www.sec.gov/cgi-bin/browse-edgar?action=getcompany&CIK=LYB
MTB,M&T Bank Corp.,Financials,NYSE,http://www.sec.gov/cgi-bin/browse-edgar?action=getcompany&CIK=MTB
MAC,Macerich,Real Estate,NYSE,http://www.sec.gov/cgi-bin/browse-edgar?action=getcompany&CIK=MAC
M,Macy's Inc.,Consumer Discretionary,NYSE,http://www.sec.gov/cgi-bin/browse-edgar?action=getcompany&CIK=M
MRO,Marathon Oil Corp.,Energy,NYSE,http://www.sec.gov/cgi-bin/browse-edgar?action=getcompany&CIK=MRO
MPC,Marathon Petroleum,Energy,NYSE,http://www.sec.gov/cgi-bin/browse-edgar?action=getcompany&CIK=MPC
MAR,Marriott Int'l.,Consumer Discretionary,NASDAQ,http://www.sec.gov/cgi-bin/browse-edgar?action=getcompany&CIK=MAR
MMC,Marsh & McLennan,Financials,NYSE,http://www.sec.gov/cgi-bin/browse-edgar?action=getcompany&CIK=MMC
MLM,Martin Marietta Materials,Materials,NYSE,http://www.sec.gov/cgi-bin/browse-edgar?action=getcompany&CIK=MLM
MAS,Masco Corp.,Industrials,NYSE,http://www.sec.gov/cgi-bin/browse-edgar?action=getcompany&CIK=MAS
MA,Mastercard Inc.,Information Technology,NYSE,http://www.sec.gov/cgi-bin/browse-edgar?action=getcompany&CIK=MA
MAT,Mattel Inc.,Consumer Discretionary,NASDAQ,http://www.sec.gov/cgi-bin/browse-edgar?action=getcompany&CIK=MAT
MKC,McCormick & Co.,Consumer Staples,NYSE,http://www.sec.gov/cgi-bin/browse-edgar?action=getcompany&CIK=MKC
MCD,McDonald's Corp.,Consumer Discretionary,NYSE,http://www.sec.gov/cgi-bin/browse-edgar?action=getcompany&CIK=MCD
MCK,McKesson Corp.,Health Care,NYSE,http://www.sec.gov/cgi-bin/browse-edgar?action=getcompany&CIK=MCK
MDT,Medtronic plc,Health Care,NYSE,http://www.sec.gov/cgi-bin/browse-edgar?action=getcompany&CIK=MDT
MRK,Merck & Co.,Health Care,NYSE,http://www.sec.gov/cgi-bin/browse-edgar?action=getcompany&CIK=MRK
MET,MetLife Inc.,Financials,NYSE,http://www.sec.gov/cgi-bin/browse-edgar?action=getcompany&CIK=MET
MTD,Mettler Toledo,Health Care,NYSE,http://www.sec.gov/cgi-bin/browse-edgar?action=getcompany&CIK=MTD
MGM,MGM Resorts International,Consumer Discretionary,NYSE,http://www.sec.gov/cgi-bin/browse-edgar?action=getcompany&CIK=MGM
KORS,Michael Kors Holdings,Consumer Discretionary,London Stock Exchange,http://www.sec.gov/cgi-bin/browse-edgar?action=getcompany&CIK=KORS
MCHP,Microchip Technology,Information Technology,NASDAQ,http://www.sec.gov/cgi-bin/browse-edgar?action=getcompany&CIK=MCHP
MU,Micron Technology,Information Technology,NASDAQ,http://www.sec.gov/cgi-bin/browse-edgar?action=getcompany&CIK=MU
MSFT,Microsoft Corp.,Information Technology,NASDAQ,http://www.sec.gov/cgi-bin/browse-edgar?action=getcompany&CIK=MSFT
MAA,Mid-America Apartments,Real Estate,NYSE,http://www.sec.gov/cgi-bin/browse-edgar?action=getcompany&CIK=MAA
MHK,Mohawk Industries,Consumer Discretionary,NYSE,http://www.sec.gov/cgi-bin/browse-edgar?action=getcompany&CIK=MHK
TAP,Molson Coors Brewing Company,Consumer Staples,NYSE,http://www.sec.gov/cgi-bin/browse-edgar?action=getcompany&CIK=TAP
MDLZ,Mondelez International,Consumer Staples,NASDAQ,http://www.sec.gov/cgi-bin/browse-edgar?action=getcompany&CIK=MDLZ
MON,Monsanto Co.,Materials,Warsaw Stock Exchange,http://www.sec.gov/cgi-bin/browse-edgar?action=getcompany&CIK=MON
MNST,Monster Beverage,Consumer Staples,NASDAQ,http://www.sec.gov/cgi-bin/browse-edgar?action=getcompany&CIK=MNST
MCO,Moody's Corp,Financials,NYSE,http://www.sec.gov/cgi-bin/browse-edgar?action=getcompany&CIK=MCO
MS,Morgan Stanley,Financials,NYSE,http://www.sec.gov/cgi-bin/browse-edgar?action=getcompany&CIK=MS
MSI,Motorola Solutions Inc.,Information Technology,NYSE,http://www.sec.gov/cgi-bin/browse-edgar?action=getcompany&CIK=MSI
MYL,Mylan N.V.,Health Care,Australian Securities Exchange,http://www.sec.gov/cgi-bin/browse-edgar?action=getcompany&CIK=MYL
NDAQ,Nasdaq Inc.,Financials,NASDAQ,http://www.sec.gov/cgi-bin/browse-edgar?action=getcompany&CIK=NDAQ
NOV,National Oilwell Varco Inc.,Energy,NYSE,http://www.sec.gov/cgi-bin/browse-edgar?action=getcompany&CIK=NOV
NAVI,Navient,Financials,NASDAQ,http://www.sec.gov/cgi-bin/browse-edgar?action=getcompany&CIK=NAVI
NTAP,NetApp,Information Technology,NASDAQ,http://www.sec.gov/cgi-bin/browse-edgar?action=getcompany&CIK=NTAP
NFLX,Netflix Inc.,Information Technology,NASDAQ,http://www.sec.gov/cgi-bin/browse-edgar?action=getcompany&CIK=NFLX
NWL,Newell Brands,Consumer Discretionary,NASDAQ,http://www.sec.gov/cgi-bin/browse-edgar?action=getcompany&CIK=NWL
NFX,Newfield Exploration Co,Energy,London Stock Exchange,http://www.sec.gov/cgi-bin/browse-edgar?action=getcompany&CIK=NFX
NEM,Newmont Mining Corporation,Materials,NYSE,http://www.sec.gov/cgi-bin/browse-edgar?action=getcompany&CIK=NEM
NWSA,News Corp. Class A,Consumer Discretionary,NASDAQ,http://www.sec.gov/cgi-bin/browse-edgar?action=getcompany&CIK=NWSA
NWS,News Corp. Class B,Consumer Discretionary,NASDAQ,http://www.sec.gov/cgi-bin/browse-edgar?action=getcompany&CIK=NWS
NEE,NextEra Energy,Utilities,NYSE,http://www.sec.gov/cgi-bin/browse-edgar?action=getcompany&CIK=NEE
NLSN,Nielsen Holdings,Industrials,Mexican Stock Exchange,http://www.sec.gov/cgi-bin/browse-edgar?action=getcompany&CIK=NLSN
NKE,Nike,Consumer Discretionary,NYSE,http://www.sec.gov/cgi-bin/browse-edgar?action=getcompany&CIK=NKE
NI,NiSource Inc.,Utilities,NYSE,http://www.sec.gov/cgi-bin/browse-edgar?action=getcompany&CIK=NI
JWN,Nordstrom,Consumer Discretionary,NYSE,http://www.sec.gov/cgi-bin/browse-edgar?action=getcompany&CIK=JWN
NSC,Norfolk Southern Corp.,Industrials,NYSE,http://www.sec.gov/cgi-bin/browse-edgar?action=getcompany&CIK=NSC
NTRS,Northern Trust Corp.,Financials,NASDAQ,http://www.sec.gov/cgi-bin/browse-edgar?action=getcompany&CIK=NTRS
NOC,Northrop Grumman Corp.,Industrials,NYSE,http://www.sec.gov/cgi-bin/browse-edgar?action=getcompany&CIK=NOC
NCLH,Norwegian Cruise Line,Consumer Discretionary,NYSE,http://www.sec.gov/cgi-bin/browse-edgar?action=getcompany&CIK=NCLH
NRG,NRG Energy,Utilities,NYSE,http://www.sec.gov/cgi-bin/browse-edgar?action=getcompany&CIK=NRG
NUE,Nucor Corp.,Materials,NYSE,http://www.sec.gov/cgi-bin/browse-edgar?action=getcompany&CIK=NUE
NVDA,Nvidia Corporation,Information Technology,NASDAQ,http://www.sec.gov/cgi-bin/browse-edgar?action=getcompany&CIK=NVDA
ORLY,O'Reilly Automotive,Consumer Discretionary,NASDAQ,http://www.sec.gov/cgi-bin/browse-edgar?action=getcompany&CIK=ORLY
OXY,Occidental Petroleum,Energy,NYSE,http://www.sec.gov/cgi-bin/browse-edgar?action=getcompany&CIK=OXY
OMC,Omnicom Group,Consumer Discretionary,NYSE,http://www.sec.gov/cgi-bin/browse-edgar?action=getcompany&CIK=OMC
OKE,ONEOK,Energy,NYSE,http://www.sec.gov/cgi-bin/browse-edgar?action=getcompany&CIK=OKE
ORCL,Oracle Corp.,Information Technology,NYSE,http://www.sec.gov/cgi-bin/browse-edgar?action=getcompany&CIK=ORCL
PCAR,PACCAR Inc.,Industrials,NASDAQ,http://www.sec.gov/cgi-bin/browse-edgar?action=getcompany&CIK=PCAR
PKG,Packaging Corporation of America,Materials,NYSE,http://www.sec.gov/cgi-bin/browse-edgar?action=getcompany&CIK=PKG
PH,Parker-Hannifin,Industrials,NYSE,http://www.sec.gov/cgi-bin/browse-edgar?action=getcompany&CIK=PH
PDCO,Patterson Companies,Health Care,NASDAQ,http://www.sec.gov/cgi-bin/browse-edgar?action=getcompany&CIK=PDCO
PAYX,Paychex Inc.,Information Technology,NASDAQ,http://www.sec.gov/cgi-bin/browse-edgar?action=getcompany&CIK=PAYX
PYPL,PayPal,Information Technology,NASDAQ,http://www.sec.gov/cgi-bin/browse-edgar?action=getcompany&CIK=PYPL
PNR,Pentair Ltd.,Industrials,NYSE,http://www.sec.gov/cgi-bin/browse-edgar?action=getcompany&CIK=PNR
PEP,PepsiCo Inc.,Consumer Staples,NASDAQ,http://www.sec.gov/cgi-bin/browse-edgar?action=getcompany&CIK=PEP
PKI,PerkinElmer,Health Care,NYSE,http://www.sec.gov/cgi-bin/browse-edgar?action=getcompany&CIK=PKI
PRGO,Perrigo,Health Care,NYSE,http://www.sec.gov/cgi-bin/browse-edgar?action=getcompany&CIK=PRGO
PFE,Pfizer Inc.,Health Care,NYSE,http://www.sec.gov/cgi-bin/browse-edgar?action=getcompany&CIK=PFE
PCG,PG&E Corp.,Utilities,NYSE,http://www.sec.gov/cgi-bin/browse-edgar?action=getcompany&CIK=PCG
PM,Philip Morris International,Consumer Staples,NYSE,http://www.sec.gov/cgi-bin/browse-edgar?action=getcompany&CIK=PM
PSX,Phillips 66,Energy,NYSE,http://www.sec.gov/cgi-bin/browse-edgar?action=getcompany&CIK=PSX
PNW,Pinnacle West Capital,Utilities,NYSE,http://www.sec.gov/cgi-bin/browse-edgar?action=getcompany&CIK=PNW
PXD,Pioneer Natural Resources,Energy,NYSE,http://www.sec.gov/cgi-bin/browse-edgar?action=getcompany&CIK=PXD
PNC,PNC Financial Services,Financials,NYSE,http://www.sec.gov/cgi-bin/browse-edgar?action=getcompany&CIK=PNC
RL,Polo Ralph Lauren Corp.,Consumer Discretionary,NYSE,http://www.sec.gov/cgi-bin/browse-edgar?action=getcompany&CIK=RL
PPG,PPG Industries,Materials,NYSE,http://www.sec.gov/cgi-bin/browse-edgar?action=getcompany&CIK=PPG
PPL,PPL Corp.,Utilities,NYSE,http://www.sec.gov/cgi-bin/browse-edgar?action=getcompany&CIK=PPL
PX,Praxair Inc.,Materials,NYSE,http://www.sec.gov/cgi-bin/browse-edgar?action=getcompany&CIK=PX
PFG,Principal Financial Group,Financials,NASDAQ,http://www.sec.gov/cgi-bin/browse-edgar?action=getcompany&CIK=PFG
PG,Procter & Gamble,Consumer Staples,NYSE,http://www.sec.gov/cgi-bin/browse-edgar?action=getcompany&CIK=PG
PGR,Progressive Corp.,Financials,NYSE,http://www.sec.gov/cgi-bin/browse-edgar?action=getcompany&CIK=PGR
PLD,Prologis,Real Estate,NYSE,http://www.sec.gov/cgi-bin/browse-edgar?action=getcompany&CIK=PLD
PRU,Prudential Financial,Financials,NYSE,http://www.sec.gov/cgi-bin/browse-edgar?action=getcompany&CIK=PRU
PEG,Public Serv. Enterprise Inc.,Utilities,NYSE,http://www.sec.gov/cgi-bin/browse-edgar?action=getcompany&CIK=PEG
PSA,Public Storage,Real Estate,NYSE,http://www.sec.gov/cgi-bin/browse-edgar?action=getcompany&CIK=PSA
PHM,Pulte Homes Inc.,Consumer Discretionary,NYSE,http://www.sec.gov/cgi-bin/browse-edgar?action=getcompany&CIK=PHM
PVH,PVH Corp.,Consumer Discretionary,NYSE,http://www.sec.gov/cgi-bin/browse-edgar?action=getcompany&CIK=PVH
QRVO,Qorvo,Information Technology,NASDAQ,http://www.sec.gov/cgi-bin/browse-edgar?action=getcompany&CIK=QRVO
QCOM,QUALCOMM Inc.,Information Technology,NASDAQ,http://www.sec.gov/cgi-bin/browse-edgar?action=getcompany&CIK=QCOM
PWR,Quanta Services Inc.,Industrials,NYSE,http://www.sec.gov/cgi-bin/browse-edgar?action=getcompany&CIK=PWR
DGX,Quest Diagnostics,Health Care,NYSE,http://www.sec.gov/cgi-bin/browse-edgar?action=getcompany&CIK=DGX
RRC,Range Resources Corp.,Energy,NYSE,http://www.sec.gov/cgi-bin/browse-edgar?action=getcompany&CIK=RRC
RJF,Raymond James Financial Inc.,Financials,NYSE,http://www.sec.gov/cgi-bin/browse-edgar?action=getcompany&CIK=RJF
O,Realty Income Corporation,Real Estate,NYSE,http://www.sec.gov/cgi-bin/browse-edgar?action=getcompany&CIK=O
RHT,Red Hat Inc.,Information Technology,TSX Venture Exchange,http://www.sec.gov/cgi-bin/browse-edgar?action=getcompany&CIK=RHT
REG,Regency Centers Corporation,Real Estate,NASDAQ,http://www.sec.gov/cgi-bin/browse-edgar?action=getcompany&CIK=REG
REGN,Regeneron,Health Care,NASDAQ,http://www.sec.gov/cgi-bin/browse-edgar?action=getcompany&CIK=REGN
RF,Regions Financial Corp.,Financials,NYSE,http://www.sec.gov/cgi-bin/browse-edgar?action=getcompany&CIK=RF
RSG,Republic Services Inc,Industrials,NYSE,http://www.sec.gov/cgi-bin/browse-edgar?action=getcompany&CIK=RSG
RMD,ResMed,Health Care,NYSE,http://www.sec.gov/cgi-bin/browse-edgar?action=getcompany&CIK=RMD
RHI,Robert Half International,Industrials,NYSE,http://www.sec.gov/cgi-bin/browse-edgar?action=getcompany&CIK=RHI
ROK,Rockwell Automation Inc.,Industrials,NYSE,http://www.sec.gov/cgi-bin/browse-edgar?action=getcompany&CIK=ROK
COL,Rockwell Collins,Industrials,Bolsas y Mercados Espanoles,http://www.sec.gov/cgi-bin/browse-edgar?action=getcompany&CIK=COL
ROP,Roper Technologies,Industrials,NYSE,http://www.sec.gov/cgi-bin/browse-edgar?action=getcompany&CIK=ROP
ROST,Ross Stores,Consumer Discretionary,NASDAQ,http://www.sec.gov/cgi-bin/browse-edgar?action=getcompany&CIK=ROST
RCL,Royal Caribbean Cruises Ltd,Consumer Discretionary,NYSE,http://www.sec.gov/cgi-bin/browse-edgar?action=getcompany&CIK=RCL
SPGI,S&P Global Inc.,Financials,NYSE,http://www.sec.gov/cgi-bin/browse-edgar?action=getcompany&CIK=SPGI
CRM,Salesforce.com,Information Technology,NYSE,http://www.sec.gov/cgi-bin/browse-edgar?action=getcompany&CIK=CRM
SBAC,SBA Communications,Real Estate,NASDAQ,http://www.sec.gov/cgi-bin/browse-edgar?action=getcompany&CIK=SBAC
SLB,Schlumberger Ltd.,Energy,NYSE,http://www.sec.gov/cgi-bin/browse-edgar?action=getcompany&CIK=SLB
SNI,Scripps Networks Interactive Inc.,Consumer Discretionary,Oslo Bors Asa,http://www.sec.gov/cgi-bin/browse-edgar?action=getcompany&CIK=SNI
STX,Seagate Technology,Information Technology,Australian Securities Exchange,http://www.sec.gov/cgi-bin/browse-edgar?action=getcompany&CIK=STX
SEE,Sealed Air,Materials,London Stock Exchange,http://www.sec.gov/cgi-bin/browse-edgar?action=getcompany&CIK=SEE
SRE,Sempra Energy,Utilities,NYSE,http://www.sec.gov/cgi-bin/browse-edgar?action=getcompany&CIK=SRE
SHW,Sherwin-Williams,Materials,NYSE,http://www.sec.gov/cgi-bin/browse-edgar?action=getcompany&CIK=SHW
SPG,Simon Property Group Inc,Real Estate,NYSE,http://www.sec.gov/cgi-bin/browse-edgar?action=getcompany&CIK=SPG
SWKS,Skyworks Solutions,Information Technology,NASDAQ,http://www.sec.gov/cgi-bin/browse-edgar?action=getcompany&CIK=SWKS
SLG,SL Green Realty,Real Estate,NYSE,http://www.sec.gov/cgi-bin/browse-edgar?action=getcompany&CIK=SLG
SNA,Snap-On Inc.,Consumer Discretionary,NYSE,http://www.sec.gov/cgi-bin/browse-edgar?action=getcompany&CIK=SNA
SO,Southern Co.,Utilities,NYSE,http://www.sec.gov/cgi-bin/browse-edgar?action=getcompany&CIK=SO
LUV,Southwest Airlines,Industrials,NYSE,http://www.sec.gov/cgi-bin/browse-edgar?action=getcompany&CIK=LUV
SWK,Stanley Black & Decker,Consumer Discretionary,NYSE,http://www.sec.gov/cgi-bin/browse-edgar?action=getcompany&CIK=SWK
SBUX,Starbucks Corp.,Consumer Discretionary,NASDAQ,http://www.sec.gov/cgi-bin/browse-edgar?action=getcompany&CIK=SBUX
STT,State Street Corp.,Financials,NYSE,http://www.sec.gov/cgi-bin/browse-edgar?action=getcompany&CIK=STT
SRCL,Stericycle Inc,Industrials,NASDAQ,http://www.sec.gov/cgi-bin/browse-edgar?action=getcompany&CIK=SRCL
SYK,Stryker Corp.,Health Care,NYSE,http://www.sec.gov/cgi-bin/browse-edgar?action=getcompany&CIK=SYK
SYF,Synchrony Financial,Financials,NYSE,http://www.sec.gov/cgi-bin/browse-edgar?action=getcompany&CIK=SYF
SNPS,Synopsys Inc.,Information Technology,NASDAQ,http://www.sec.gov/cgi-bin/browse-edgar?action=getcompany&CIK=SNPS
SYY,Sysco Corp.,Consumer Staples,NYSE,http://www.sec.gov/cgi-bin/browse-edgar?action=getcompany&CIK=SYY
TROW,T. Rowe Price Group,Financials,NASDAQ,http://www.sec.gov/cgi-bin/browse-edgar?action=getcompany&CIK=TROW
TPR,Tapestry Inc.,Consumer Discretionary,NYSE,http://www.sec.gov/cgi-bin/browse-edgar?action=getcompany&CIK=TPR
TGT,Target Corp.,Consumer Discretionary,NYSE,http://www.sec.gov/cgi-bin/browse-edgar?action=getcompany&CIK=TGT
TEL,TE Connectivity Ltd.,Information Technology,NYSE,http://www.sec.gov/cgi-bin/browse-edgar?action=getcompany&CIK=TEL
FTI,TechnipFMC,Energy,NYSE,http://www.sec.gov/cgi-bin/browse-edgar?action=getcompany&CIK=FTI
TXN,Texas Instruments,Information Technology,NASDAQ,http://www.sec.gov/cgi-bin/browse-edgar?action=getcompany&CIK=TXN
TXT,Textron Inc.,Industrials,NYSE,http://www.sec.gov/cgi-bin/browse-edgar?action=getcompany&CIK=TXT
BK,The Bank of New York Mellon Corp.,Financials,NYSE,http://www.sec.gov/cgi-bin/browse-edgar?action=getcompany&CIK=BK
CLX,The Clorox Company,Consumer Staples,NYSE,http://www.sec.gov/cgi-bin/browse-edgar?action=getcompany&CIK=CLX
COO,The Cooper Companies,Health Care,NYSE,http://www.sec.gov/cgi-bin/browse-edgar?action=getcompany&CIK=COO
HSY,The Hershey Company,Consumer Staples,NYSE,http://www.sec.gov/cgi-bin/browse-edgar?action=getcompany&CIK=HSY
MOS,The Mosaic Company,Materials,NYSE,http://www.sec.gov/cgi-bin/browse-edgar?action=getcompany&CIK=MOS
TRV,The Travelers Companies Inc.,Financials,NYSE,http://www.sec.gov/cgi-bin/browse-edgar?action=getcompany&CIK=TRV
DIS,The Walt Disney Company,Consumer Discretionary,NYSE,http://www.sec.gov/cgi-bin/browse-edgar?action=getcompany&CIK=DIS
TMO,Thermo Fisher Scientific,Health Care,NYSE,http://www.sec.gov/cgi-bin/browse-edgar?action=getcompany&CIK=TMO
TIF,Tiffany & Co.,Consumer Discretionary,NEO Exchange,http://www.sec.gov/cgi-bin/browse-edgar?action=getcompany&CIK=TIF
TJX,TJX Companies Inc.,Consumer Discretionary,NYSE,http://www.sec.gov/cgi-bin/browse-edgar?action=getcompany&CIK=TJX
TMK,Torchmark Corp.,Financials,Australian Securities Exchange,http://www.sec.gov/cgi-bin/browse-edgar?action=getcompany&CIK=TMK
TSS,Total System Services,Information Technology,Deutsche Boerse AG,http://www.sec.gov/cgi-bin/browse-edgar?action=getcompany&CIK=TSS
TSCO,Tractor Supply Company,Consumer Discretionary,NASDAQ,http://www.sec.gov/cgi-bin/browse-edgar?action=getcompany&CIK=TSCO
TDG,TransDigm Group,Industrials,NYSE,http://www.sec.gov/cgi-bin/browse-edgar?action=getcompany&CIK=TDG
TRIP,TripAdvisor,Consumer Discretionary,NASDAQ,http://www.sec.gov/cgi-bin/browse-edgar?action=getcompany&CIK=TRIP
FOXA,Twenty-First Century Fox Class A,Consumer Discretionary,NASDAQ,http://www.sec.gov/cgi-bin/browse-edgar?action=getcompany&CIK=FOXA
FOX,Twenty-First Century Fox Class B,Consumer Discretionary,NASDAQ,http://www.sec.gov/cgi-bin/browse-edgar?action=getcompany&CIK=FOX
TSN,Tyson Foods,Consumer Staples,NYSE,http://www.sec.gov/cgi-bin/browse-edgar?action=getcompany&CIK=TSN
USB,U.S. Bancorp,Financials,NYSE,http://www.sec.gov/cgi-bin/browse-edgar?action=getcompany&CIK=USB
UDR,UDR Inc,Real Estate,NYSE,http://www.sec.gov/cgi-bin/browse-edgar?action=getcompany&CIK=UDR
ULTA,Ulta Salon Cosmetics & Fragrance Inc,Consumer Discretionary,NASDAQ,http://www.sec.gov/cgi-bin/browse-edgar?action=getcompany&CIK=ULTA
UAA,Under Armour Class A,Consumer Discretionary,NYSE,http://www.sec.gov/cgi-bin/browse-edgar?action=getcompany&CIK=UAA
UA,Under Armour Class C,Consumer Discretionary,NYSE,http://www.sec.gov/cgi-bin/browse-edgar?action=getcompany&CIK=UA
UNP,Union Pacific,Industrials,NYSE,http://www.sec.gov/cgi-bin/browse-edgar?action=getcompany&CIK=UNP
UAL,United Continental Holdings,Industrials,NASDAQ,http://www.sec.gov/cgi-bin/browse-edgar?action=getcompany&CIK=UAL
UNH,United Health Group Inc.,Health Care,NYSE,http://www.sec.gov/cgi-bin/browse-edgar?action=getcompany&CIK=UNH
UPS,United Parcel Service,Industrials,NYSE,http://www.sec.gov/cgi-bin/browse-edgar?action=getcompany&CIK=UPS
URI,United Rentals Inc.,Industrials,NYSE,http://www.sec.gov/cgi-bin/browse-edgar?action=getcompany&CIK=URI
UTX,United Technologies,Industrials,SIX Swiss Exchange,http://www.sec.gov/cgi-bin/browse-edgar?action=getcompany&CIK=UTX
UHS,Universal Health Services Inc.,Health Care,NYSE,http://www.sec.gov/cgi-bin/browse-edgar?action=getcompany&CIK=UHS
UNM,Unum Group,Financials,NYSE,http://www.sec.gov/cgi-bin/browse-edgar?action=getcompany&CIK=UNM
VFC,V.F. Corp.,Consumer Discretionary,NYSE,http://www.sec.gov/cgi-bin/browse-edgar?action=getcompany&CIK=VFC
VLO,Valero Energy,Energy,NYSE,http://www.sec.gov/cgi-bin/browse-edgar?action=getcompany&CIK=VLO
VAR,Varian Medical Systems,Health Care,Deutsche Boerse AG,http://www.sec.gov/cgi-bin/browse-edgar?action=getcompany&CIK=VAR
VTR,Ventas Inc,Real Estate,NYSE,http://www.sec.gov/cgi-bin/browse-edgar?action=getcompany&CIK=VTR
VRSN,Verisign Inc.,Information Technology,NASDAQ,http://www.sec.gov/cgi-bin/browse-edgar?action=getcompany&CIK=VRSN
VRSK,Verisk Analytics,Industrials,NASDAQ,http://www.sec.gov/cgi-bin/browse-edgar?action=getcompany&CIK=VRSK
VZ,Verizon Communications,Telecommunication Services,NYSE,http://www.sec.gov/cgi-bin/browse-edgar?action=getcompany&CIK=VZ
VRTX,Vertex Pharmaceuticals Inc,Health Care,NASDAQ,http://www.sec.gov/cgi-bin/browse-edgar?action=getcompany&CIK=VRTX
V,Visa Inc.,Information Technology,NYSE,http://www.sec.gov/cgi-bin/browse-edgar?action=getcompany&CIK=V
VNO,Vornado Realty Trust,Real Estate,NYSE,http://www.sec.gov/cgi-bin/browse-edgar?action=getcompany&CIK=VNO
VMC,Vulcan Materials,Materials,NYSE,http://www.sec.gov/cgi-bin/browse-edgar?action=getcompany&CIK=VMC
WMT,Wal-Mart Stores,Consumer Staples,NYSE,http://www.sec.gov/cgi-bin/browse-edgar?action=getcompany&CIK=WMT
WBA,Walgreens Boots Alliance,Consumer Staples,NASDAQ,http://www.sec.gov/cgi-bin/browse-edgar?action=getcompany&CIK=WBA
WM,Waste Management Inc.,Industrials,NYSE,http://www.sec.gov/cgi-bin/browse-edgar?action=getcompany&CIK=WM
WAT,Waters Corporation,Health Care,NYSE,http://www.sec.gov/cgi-bin/browse-edgar?action=getcompany&CIK=WAT
WEC,Wec Energy Group Inc,Utilities,NYSE,http://www.sec.gov/cgi-bin/browse-edgar?action=getcompany&CIK=WEC
WFC,Wells Fargo,Financials,NYSE,http://www.sec.gov/cgi-bin/browse-edgar?action=getcompany&CIK=WFC
WDC,Western Digital,Information Technology,NASDAQ,http://www.sec.gov/cgi-bin/browse-edgar?action=getcompany&CIK=WDC
WU,Western Union Co,Information Technology,NYSE,http://www.sec.gov/cgi-bin/browse-edgar?action=getcompany&CIK=WU
WRK,WestRock Company,Materials,NYSE,http://www.sec.gov/cgi-bin/browse-edgar?action=getcompany&CIK=WRK
WY,Weyerhaeuser Corp.,Real Estate,London Stock Exchange,http://www.sec.gov/cgi-bin/browse-edgar?action=getcompany&CIK=WY
WHR,Whirlpool Corp.,Consumer Discretionary,London Stock Exchange,http://www.sec.gov/cgi-bin/browse-edgar?action=getcompany&CIK=WHR
WMB,Williams Cos.,Energy,NYSE,http://www.sec.gov/cgi-bin/browse-edgar?action=getcompany&CIK=WMB
WYN,Wyndham Worldwide,Consumer Discretionary,London Stock Exchange,http://www.sec.gov/cgi-bin/browse-edgar?action=getcompany&CIK=WYN
WYNN,Wynn Resorts Ltd,Consumer Discretionary,NASDAQ,http://www.sec.gov/cgi-bin/browse-edgar?action=getcompany&CIK=WYNN
XEL,Xcel Energy Inc,Utilities,NASDAQ,http://www.sec.gov/cgi-bin/browse-edgar?action=getcompany&CIK=XEL
XRX,Xerox Corp.,Information Technology,NASDAQ,http://www.sec.gov/cgi-bin/browse-edgar?action=getcompany&CIK=XRX
XL,XL Capital,Financials,TSX Venture Exchange,http://www.sec.gov/cgi-bin/browse-edgar?action=getcompany&CIK=XL
XYL,Xylem Inc.,Industrials,NYSE,http://www.sec.gov/cgi-bin/browse-edgar?action=getcompany&CIK=XYL
YUM,Yum! Brands Inc,Consumer Discretionary,NYSE,http://www.sec.gov/cgi-bin/browse-edgar?action=getcompany&CIK=YUM
ZBH,Zimmer Biomet Holdings,Health Care,NYSE,http://www.sec.gov/cgi-bin/browse-edgar?action=getcompany&CIK=ZBH
ZION,Zions Bancorp,Financials,NASDAQ,http://www.sec.gov/cgi-bin/browse-edgar?action=getcompany&CIK=ZION
ZTS,Zoetis,Health Care,NYSE,http://www.sec.gov/cgi-bin/browse-edgar?action=getcompany&CIK=ZTS
